Exclosure,decimalLatitude,decimalLongitude
Kalawahine/Manoa/Makiki,21.337917,-157.811017
Poamoho,21.53538,-157.92136
Hapapa ,21.4665392,-158.102581
Kaala,21.5080354,-158.1458825
Pahole,21.5362987,-158.1921233
Palikea South,21.4157822,-158.0994747
Palikea North,21.4162984,-158.0991951
Kahanahaiki,21.5374577,-158.1945645
West Makaleha/Three Points,21.5198933,-158.1733334
